variant	beta	se	pval	minor_AF	low_confidence_variant
13:24601810:A:G	0.000759029	0.00213908	0.722718	0.17211	FALSE
7:8493887:C:T	-0.00105514	0.00167704	0.529256	0.390651	FALSE
20:42583196:G:T	0.000478283	0.0026693	0.857801	0.102209	FALSE
7:14810995:C:T	-0.00185844	0.00172393	0.281049	0.322045	FALSE
7:23487715:C:T	0.00267374	0.00164311	0.103717	0.399632	FALSE
11:65352635:C:T	0.0154864	0.0197523	0.433042	0.00204906	TRUE
7:122728910:C:T	0.00622453	0.0111801	0.57771	0.00557696	TRUE
2:132061247:C:T	-0.00166403	0.00232809	0.474773	0.138639	FALSE
15:87294048:CGT:C	0.00115592	0.00254822	0.650112	0.118213	FALSE
14:75639886:C:T	0.0111053	0.0126593	0.380378	0.00425467	TRUE
6:54853342:G:A	-0.00212899	0.00173863	0.220785	0.326472	FALSE
8:6562830:C:T	-0.0144958	0.0120893	0.230534	0.00504595	TRUE
5:172568979:C:T	0.00155956	0.00390059	0.689292	0.0454375	TRUE
2:221234431:A:C	-0.000312403	0.00206193	0.879576	0.187367	FALSE
8:84222017:T:C	0.00039067	0.00307915	0.899041	0.0744178	TRUE
11:58827045:C:A	-0.0138527	0.00732272	0.0585539	0.012381	TRUE
5:147735858:TATG:T	-0.00486011	0.0107862	0.652297	0.00581031	TRUE
13:50344158:T:C	0.000350927	0.00914368	0.969386	0.00844224	TRUE
4:64248968:TA:T	0.00129061	0.00269012	0.631409	0.100481	FALSE
4:61300534:A:G	-0.00496858	0.0108526	0.647089	0.00563911	TRUE
5:120791353:A:T	-0.00246446	0.0191203	0.897445	0.00216444	TRUE
5:3167155:T:C	0.00450746	0.00339146	0.183859	0.0596647	TRUE
X:151622428:C:A	0.00115951	0.00273261	0.671339	0.0729528	TRUE
13:32581617:A:T	0.00284604	0.00239671	0.235067	0.12922	FALSE
2:59124999:C:T	0.000399242	0.00174901	0.819443	0.327596	FALSE
3:99030848:G:A	0.000601696	0.00173984	0.729474	0.331523	FALSE
7:118232:C:T	0.000355452	0.00184753	0.847438	0.26653	FALSE
9:28305271:T:G	-0.00783022	0.00668839	0.24174	0.01619	TRUE
1:79171603:C:T	-0.0131023	0.0228389	0.566195	0.00163936	TRUE
21:28997552:C:T	-0.00240044	0.0045793	0.600155	0.0330559	TRUE
6:126838895:G:T	-0.0136166	0.00913433	0.13607	0.00820909	TRUE
13:114808134:C:T	-0.000454153	0.00203636	0.823523	0.195059	FALSE
X:115370078:G:A	0.000411073	0.00162479	0.800273	0.220046	FALSE
4:17720813:A:G	-0.00748082	0.00851394	0.379609	0.00931704	TRUE
3:1632191:A:G	0.000698018	0.00170773	0.682739	0.3417	FALSE
1:209496640:T:G	0.00617746	0.0115859	0.593916	0.00525713	TRUE
4:44029954:C:CA	0.000542826	0.00341008	0.873528	0.0607089	TRUE
6:160798740:C:T	-0.0130684	0.0238307	0.583439	0.00132903	TRUE
15:58136015:G:A	0.000495125	0.0016261	0.760764	0.475496	FALSE
2:185372299:C:T	-0.0152583	0.0168257	0.364511	0.00267112	TRUE
13:112669222:C:A	-0.000855625	0.00163417	0.60058	0.44623	FALSE
8:104851716:A:G	-0.000967931	0.00180664	0.592134	0.274911	FALSE
5:12437265:T:C	0.00251851	0.00166778	0.131051	0.389978	FALSE
11:131349259:G:C	-0.0137886	0.0136427	0.312188	0.00374107	TRUE
5:51814696:T:G	0.0146748	0.00543433	0.00693773	0.023782	TRUE
6:28690100:G:A	-0.000856676	0.00161639	0.596129	0.483929	FALSE
14:96030229:G:C	-0.00042201	0.0016138	0.793712	0.491301	FALSE
4:34465471:A:C	-0.000128701	0.00325447	0.968456	0.0685997	TRUE
16:89805210:C:A	-0.0120278	0.13954	0.931312	4.53235e-05	TRUE
5:157013984:T:C	-0.000534752	0.00181164	0.767866	0.279393	FALSE
10:63946934:A:G	0.00833218	0.00648125	0.198619	0.0163364	TRUE
2:11511288:C:A	-0.00132958	0.00246708	0.589947	0.12466	FALSE
3:164411016:A:G	-0.000986742	0.00160944	0.539828	0.480979	FALSE
14:65028278:T:A	-0.00413057	0.00458423	0.36759	0.0336894	TRUE
8:108870555:A:C	0.000816931	0.00432955	0.850342	0.0368088	TRUE
7:46096443:A:G	-0.00382868	0.00228788	0.0942673	0.148144	FALSE
2:101006809:G:T	-0.00164851	0.00878845	0.851212	0.00865065	TRUE
11:32091899:G:A	0.0215656	0.0207221	0.298037	0.00164055	TRUE
X:78569249:TAAAG:T	-0.0114403	0.0139393	0.411822	0.00270239	TRUE
13:44876379:G:A	-0.0168465	0.0231591	0.466983	0.00145708	TRUE
14:31351451:TCAG:T	-3.77572e-05	0.00207123	0.985456	0.198088	FALSE
13:55734835:TA:T	0.000249228	0.00163705	0.878999	0.444198	FALSE
1:67480344:C:CAAA	-0.00130865	0.00290074	0.651897	0.0858217	TRUE
1:248443904:T:C	-0.00172144	0.00182586	0.3458	0.269555	FALSE
2:224689660:C:A	0.00257154	0.00285848	0.368346	0.0873625	TRUE
4:85217218:GA:G	0.00495395	0.00266506	0.0630782	0.127553	FALSE
14:86729282:TA:T	-0.000369329	0.0021744	0.865129	0.167874	FALSE
4:70055645:T:C	-0.000746987	0.00211932	0.724497	0.17394	FALSE
11:69330354:C:T	-0.0009235	0.0017062	0.58834	0.33741	FALSE
6:14912465:C:T	1.06904e-05	0.0107771	0.999209	0.00591996	TRUE
18:10691192:T:G	-0.00237685	0.00169322	0.160427	0.348762	FALSE
8:117463599:C:T	0.00315131	0.00245828	0.199901	0.123156	FALSE
20:21534970:A:T	-0.00186142	0.00203889	0.361289	0.196014	FALSE
15:49446042:G:A	-0.0137005	0.0116964	0.24149	0.00494065	TRUE
7:48491042:G:C	0.000220856	0.00177938	0.901223	0.301799	FALSE
6:147025831:T:A	0.0258911	0.0119272	0.0299725	0.00527118	TRUE
22:36706314:C:CA	0.000246345	0.00183863	0.893419	0.32247	FALSE
2:44635891:A:AT	-0.013639	0.0181125	0.45146	0.00206212	TRUE
20:9724100:A:G	-0.000670071	0.00172264	0.6973	0.353123	FALSE
14:75938773:C:T	0.00222705	0.00639896	0.727823	0.016887	TRUE
8:73573213:G:C	0.00160793	0.00395287	0.684182	0.0449955	TRUE
16:83799157:A:G	-0.00138853	0.00580416	0.810932	0.0238039	TRUE
4:137717308:C:T	-0.0158507	0.026238	0.545784	0.00114516	TRUE
1:180788315:CTT:C	0.00534993	0.00313422	0.0878644	0.0708576	TRUE
17:69196184:CACTT:C	-0.00392012	0.00294916	0.183802	0.0830712	TRUE
3:167566294:T:C	0.00185017	0.00165257	0.262924	0.396746	FALSE
8:92282753:T:G	-0.000480349	0.00275082	0.861381	0.0957006	TRUE
8:62987156:T:G	-0.00025178	0.00196923	0.898264	0.223639	FALSE
16:27235499:A:T	-0.00564858	0.00282531	0.0456051	0.0987897	FALSE
15:102127383:T:C	-0.00414448	0.00171808	0.0158714	0.475402	FALSE
16:12508313:C:T	-0.0104507	0.00734074	0.154578	0.0132861	TRUE
11:125306472:T:C	2.53792e-05	0.00178425	0.988652	0.290495	FALSE
1:241889172:C:T	-0.000191379	0.00189413	0.919522	0.244358	FALSE
10:34000936:G:A	0.0116114	0.0180917	0.521011	0.00218997	TRUE
3:88938436:G:GA	-0.000866705	0.00212293	0.683092	0.180834	FALSE
1:160324042:C:T	-0.0151909	0.101936	0.881538	9.18345e-05	TRUE
21:35784117:T:A	-0.00184563	0.00161965	0.254511	0.499426	FALSE
10:35996972:C:G	0.00118671	0.00174382	0.496191	0.31074	FALSE
1:116357973:C:A	-0.00188166	0.00164332	0.25222	0.406329	FALSE
11:32447864:G:T	-0.000814823	0.00238773	0.732919	0.135767	FALSE
4:173004693:A:T	0.000302237	0.00283214	0.915016	0.0906968	TRUE
22:30986002:G:A	0.018974	0.012121	0.117527	0.00455214	TRUE
5:256121:T:C	0.00102657	0.00162511	0.527603	0.484996	FALSE
12:118131522:C:T	-0.00459316	0.00241529	0.0572395	0.129574	FALSE
18:27704883:G:A	0.00320802	0.00167757	0.0558669	0.371473	FALSE
13:78113224:A:G	-6.82871e-05	0.00173448	0.968596	0.31285	FALSE
1:166926470:G:A	-0.00840071	0.00862103	0.32986	0.00965964	TRUE
4:79464602:G:A	0.0239993	0.0219564	0.274401	0.00160631	TRUE
8:55946831:G:A	-0.00151369	0.00550252	0.783253	0.0216971	TRUE
2:124597582:A:G	-0.00682572	0.0120439	0.570907	0.00494738	TRUE
2:133740882:T:C	-0.00368229	0.00228241	0.106704	0.147384	FALSE
13:24071414:A:G	-0.000274917	0.00284015	0.92289	0.0900943	TRUE
6:167605442:A:C	0.00843564	0.00683278	0.217015	0.0141324	TRUE
12:130315450:C:T	0.00703971	0.00325138	0.0304002	0.0659635	TRUE
21:41709854:T:A	0.000217444	0.00299059	0.942039	0.0859792	TRUE
7:153259116:C:G	0.00382941	0.00403233	0.342301	0.0425894	TRUE
1:225501963:C:T	0.00220107	0.00385287	0.567822	0.0469994	TRUE
11:14099946:A:G	0.00410998	0.00270084	0.128105	0.0994729	FALSE
10:96510689:G:A	-0.00137172	0.00197956	0.488363	0.216325	FALSE
8:52020612:C:T	-0.000215887	0.00171128	0.899611	0.346456	FALSE
18:38840465:T:A	-0.00222981	0.00182992	0.223053	0.277898	FALSE
2:173378344:G:A	-0.0055878	0.00351332	0.111763	0.0558947	TRUE
2:149301654:T:C	0.00260325	0.00456873	0.568828	0.0327509	TRUE
1:92081069:A:G	-0.000196696	0.00166267	0.905831	0.390954	FALSE
3:97834170:G:A	-0.000490133	0.00163577	0.764463	0.452619	FALSE
11:24076734:T:G	0.00157777	0.00170628	0.355153	0.343956	FALSE
7:38753322:T:A	-0.00264041	0.00212917	0.214963	0.172011	FALSE
19:30856750:A:T	-0.00248195	0.00211172	0.239894	0.192636	FALSE
4:108567468:C:T	0.000528952	0.00170668	0.756621	0.447209	FALSE
14:75248101:A:T	-0.0533279	0.569661	0.925418	1.00939e-05	TRUE
5:38654423:A:G	0.00557624	0.00417622	0.18183	0.0390374	TRUE
5:153993007:A:G	-0.00115368	0.00169193	0.495337	0.352771	FALSE
11:5394856:G:A	-0.00101748	0.00184288	0.580885	0.262819	FALSE
2:123861563:A:G	-0.0120587	0.021596	0.576601	0.00160196	TRUE
4:89046294:A:G	-0.0028537	0.00179197	0.111305	0.284939	FALSE
6:104588714:G:A	-0.00207667	0.00196573	0.290796	0.219778	FALSE
12:49052758:G:A	-0.00161787	0.00163858	0.323491	0.404613	FALSE
13:109993517:A:G	0.00787851	0.0123785	0.524486	0.00496144	TRUE
21:27545936:C:G	-0.000187386	0.00758222	0.980284	0.0125631	TRUE
8:26421365:G:GTGAA	-0.000799756	0.00235599	0.734273	0.139286	FALSE
12:28603112:A:G	0.000243146	0.00653992	0.970343	0.0154941	TRUE
16:12178004:ATT:A	-0.00118463	0.00192626	0.538576	0.235523	FALSE
19:21844592:A:T	0.0023091	0.0021028	0.272183	0.183	FALSE
8:19846712:G:A	-0.0147179	0.0170407	0.38778	0.00249992	TRUE
4:189224915:T:C	-0.00223895	0.00353845	0.526913	0.0555313	TRUE
7:39324983:G:A	0.00158431	0.00175945	0.367899	0.301289	FALSE
16:78688178:T:C	-0.00711392	0.00638722	0.265403	0.0169155	TRUE
11:115114958:T:C	0.00184795	0.00172545	0.284198	0.333345	FALSE
16:80502714:T:A	0.00105922	0.00197055	0.590916	0.219423	FALSE
20:17730404:C:T	-0.00166273	0.00183757	0.365564	0.29125	FALSE
10:107296491:A:G	-0.0124379	0.0209722	0.553149	0.00157187	TRUE
19:23643810:C:T	-0.00072289	0.00349976	0.836362	0.0579432	TRUE
9:125874821:G:A	-0.0131234	0.0142669	0.357674	0.00344795	TRUE
15:81764840:G:A	0.0264045	0.0160914	0.100848	0.00273722	TRUE
20:56133238:G:A	-0.0118886	0.0123112	0.33423	0.00485001	TRUE
5:6472458:A:T	-0.00258779	0.0198523	0.89629	0.00187706	TRUE
3:9710126:G:T	-0.00607055	0.00979543	0.535448	0.00703642	TRUE
6:131016591:G:T	-0.0026768	0.0122845	0.827512	0.00471483	TRUE
20:6410510:G:A	-0.0161368	0.0142777	0.258414	0.00373038	TRUE
2:97214601:G:C	-0.00327948	0.00380818	0.389166	0.0489836	TRUE
11:61108069:A:G	0.0160202	0.0322482	0.619358	0.000877177	TRUE
3:70974716:T:A	0.000726696	0.00424458	0.864066	0.040519	TRUE
2:206640359:A:G	-0.0147348	0.0240768	0.540557	0.00129479	TRUE
5:133321299:C:T	-0.00041557	0.00230578	0.856976	0.143622	FALSE
9:138626118:C:T	-0.0136377	0.0217201	0.530093	0.0015412	TRUE
3:105304451:C:T	-0.00157362	0.00216552	0.467446	0.168798	FALSE
7:34114721:A:G	0.00726094	0.00988892	0.462814	0.00837693	TRUE
3:126886307:T:A	0.000820673	0.00220222	0.709411	0.159785	FALSE
8:67026473:C:T	0.0148866	0.0236805	0.529597	0.00128984	TRUE
6:76813348:A:G	-0.000495959	0.00174281	0.775977	0.319833	FALSE
7:101595499:C:CA	-0.0113834	0.019878	0.566887	0.00197919	TRUE
X:132592430:C:T	0.0134311	0.0100534	0.181586	0.00481042	TRUE
5:174840751:T:C	0.00342571	0.00229227	0.135086	0.151067	FALSE
3:11373635:A:G	-0.00192297	0.00169167	0.255677	0.365092	FALSE
16:51667881:C:T	-0.0134736	0.0222573	0.544955	0.00144778	TRUE
5:50597780:G:GA	0.00179669	0.00197389	0.362723	0.214793	FALSE
9:132382569:C:A	0.120895	0.0417592	0.00379915	0.000455808	TRUE
7:82701003:TGAAAA:T	0.0169479	0.019905	0.394545	0.00169359	TRUE
8:3467199:T:A	-0.000288873	0.00204012	0.887402	0.19929	FALSE
15:51110977:T:C	-0.00202129	0.00217708	0.353202	0.168543	FALSE
7:77981802:T:C	0.0247832	0.015982	0.121006	0.00270694	TRUE
11:112777777:C:T	-0.00100503	0.00228902	0.660624	0.148861	FALSE
7:42956008:AAG:A	0.000678859	0.00241108	0.778288	0.129091	FALSE
15:37197235:T:TTG	-0.000959647	0.00180057	0.594068	0.305045	FALSE
6:52548281:C:A	-0.00221701	0.00184012	0.228302	0.28377	FALSE
6:64138954:A:G	-0.00114994	0.00163873	0.482868	0.476493	FALSE
9:96907452:T:C	0.000250041	0.00194477	0.8977	0.229271	FALSE
8:143647716:T:C	-0.0136319	0.010638	0.200071	0.00591659	TRUE
10:108930002:C:T	0.00130671	0.00198585	0.510548	0.212163	FALSE
X:28245351:CA:C	0.00031116	0.0014302	0.827774	0.338362	FALSE
2:204859859:T:C	0.0048057	0.00404922	0.235327	0.041164	TRUE
9:16390578:A:T	-0.016924	0.0246647	0.492627	0.0011505	TRUE
7:45091875:C:T	0.00696618	0.0156325	0.65588	0.00301371	TRUE
2:487309:C:T	-0.0129573	0.0209828	0.536906	0.0018167	TRUE
14:77015714:G:A	-0.00103862	0.00322437	0.747372	0.0874017	TRUE
14:40904305:T:A	0.0019247	0.0143531	0.893329	0.00322291	TRUE
13:76694263:CCA:C	0.00639596	0.0034843	0.0664391	0.0577866	TRUE
1:190710449:C:T	-0.00956644	0.00824652	0.246053	0.0106265	TRUE
13:65013362:TTGCCCAAGAGGA:T	0.00107669	0.00351102	0.759107	0.0554712	TRUE
4:16560586:C:A	0.00678716	0.0120019	0.571741	0.00546633	TRUE
16:58972033:T:TAAATA	-0.00300606	0.00211606	0.155467	0.179531	FALSE
9:74307678:C:T	-0.00773143	0.00633996	0.222692	0.0177577	TRUE
X:92536251:A:G	-0.00571064	0.00807753	0.479596	0.00745146	TRUE
9:139658233:G:A	-4.36269	29.0351	0.880566	1.97919e-07	TRUE
12:64087083:C:T	0.0061251	0.00654201	0.349156	0.0156376	TRUE
1:42563244:AATAC:A	-0.0052656	0.00604307	0.383587	0.0189909	TRUE
7:91044438:G:A	0.000636342	0.00949169	0.94655	0.00736853	TRUE
2:239630032:A:G	-0.00689554	0.00475324	0.146895	0.0301532	TRUE
5:167243853:AG:A	-0.00121228	0.00179164	0.498657	0.293153	FALSE
3:148523470:C:T	-0.0148932	0.0148959	0.31742	0.00316215	TRUE
15:78189075:G:A	-0.000129977	0.00163623	0.936686	0.44654	FALSE
7:19772245:GT:G	0.00187068	0.00214377	0.382894	0.194377	FALSE
12:48942527:C:T	-0.000242538	0.00261106	0.925994	0.12179	FALSE
11:70261536:A:G	-0.000474053	0.00190227	0.803209	0.245138	FALSE
11:95860656:G:A	-0.00363672	0.00281477	0.196384	0.0918301	TRUE
1:106252565:T:C	-0.0126203	0.0244406	0.605611	0.00121859	TRUE
1:58987512:A:G	0.000846214	0.00270286	0.754225	0.0987161	FALSE
4:17833372:G:A	0.00486119	0.00242205	0.0447707	0.126974	FALSE
5:151423927:G:C	-0.0029834	0.00163597	0.0682388	0.426799	FALSE
5:141105243:C:T	-0.00379311	0.0016342	0.0203029	0.462385	FALSE
9:106603725:C:T	0.00433684	0.00250719	0.0837045	0.121258	FALSE
18:9144875:TTGTA:T	-0.00606953	0.00563189	0.281191	0.0242006	TRUE
13:54564710:T:C	-0.000154849	0.00179686	0.931327	0.284503	FALSE
9:103852315:C:T	-0.00757601	0.00845874	0.370466	0.00924124	TRUE
6:149213149:G:A	0.00121061	0.00231669	0.601292	0.144502	FALSE
5:55302514:T:A	-0.000274863	0.00546342	0.959877	0.0231183	TRUE
15:53252041:C:A	0.000534862	0.00187371	0.775301	0.250403	FALSE
3:21617814:A:T	-0.00110021	0.00164392	0.503347	0.415793	FALSE
10:12682234:C:T	0.0345416	0.0255989	0.17726	0.0011513	TRUE
7:46163815:T:G	0.000572011	0.0023324	0.806272	0.13743	FALSE
13:30033464:C:G	-0.00279623	0.00367438	0.44667	0.0520939	TRUE
8:36764455:G:A	-0.0129221	0.0146353	0.377287	0.00328209	TRUE
10:131522260:G:A	0.000440814	0.00161927	0.78545	0.470328	FALSE
17:30607311:A:G	0.00294047	0.00860542	0.732584	0.00951931	TRUE
9:81258737:C:T	0.00151531	0.00222364	0.4956	0.157911	FALSE
2:111857114:C:T	-0.01356	0.0160333	0.397718	0.00274652	TRUE
3:187453710:G:T	-0.0124588	0.00886	0.159699	0.008617	TRUE
19:17791982:C:A	-0.000335399	0.00777041	0.965572	0.0110023	TRUE
16:49903963:A:T	0.000848413	0.00163905	0.604731	0.422374	FALSE
3:182751411:T:C	-0.00124356	0.00315231	0.693227	0.0707107	TRUE
12:26401643:A:G	0.0161654	0.0141313	0.252677	0.00354908	TRUE
21:28800877:T:C	0.00470578	0.00288233	0.102578	0.0875535	TRUE
10:515698:T:G	-0.000452396	0.00616288	0.941484	0.0181033	TRUE
8:13478145:A:G	-0.000912364	0.00263156	0.728824	0.109186	FALSE
3:191833245:T:C	0.00256087	0.0059544	0.667146	0.0188344	TRUE
19:5142046:G:A	0.00614706	0.0122657	0.61627	0.00485337	TRUE
11:58077694:C:CT	0.00587515	0.00719693	0.414325	0.0129392	TRUE
3:121765496:C:T	0.000817167	0.00275307	0.76661	0.0973772	FALSE
13:95300627:G:A	-0.0163653	0.0219093	0.455108	0.00162947	TRUE
22:30342010:T:TTGTGTG	0.00220143	0.00165004	0.182181	0.458698	FALSE
18:69696616:A:C	-0.00748736	0.00448095	0.0947673	0.0358437	TRUE
4:115519849:GGGGCGCGGCTGGGGGGC:G	7.36157e-05	0.00241441	0.975677	0.133012	FALSE
3:60781395:G:A	0.00424391	0.0032656	0.193775	0.0654449	TRUE
5:5125959:T:C	0.00163997	0.00248954	0.510076	0.122282	FALSE
6:25606654:G:A	0.0123195	0.0186327	0.508514	0.00205242	TRUE
12:53040411:T:C	-0.00242536	0.0016305	0.136915	0.452786	FALSE
9:109144505:G:A	0.00263271	0.00369503	0.476172	0.0514477	TRUE
5:160759127:T:C	-0.000505746	0.00214566	0.813665	0.175327	FALSE
18:20082998:A:G	-0.0016337	0.00219706	0.457146	0.163306	FALSE
5:121786231:A:C	-0.0226989	0.0805736	0.778167	0.000109647	TRUE
22:23436285:C:T	0.00154011	0.0132831	0.907698	0.00383884	TRUE
6:57543238:G:T	0.0034595	0.00190089	0.0687992	0.248486	FALSE
11:23875418:C:T	-0.00383208	0.0039598	0.333195	0.0432018	TRUE
10:84911874:C:T	0.00309716	0.00257084	0.228338	0.111335	FALSE
13:65070595:T:C	-0.00177471	0.00498929	0.72207	0.026707	TRUE
4:10864183:A:T	-0.00820842	0.00600342	0.171565	0.0189399	TRUE
6:95675821:A:AT	0.00432549	0.00282829	0.126206	0.0941547	TRUE
20:44557615:G:C	-0.00768358	0.00208652	0.0002322	0.184554	FALSE
3:185774522:G:A	-0.00686198	0.00946015	0.468251	0.00819326	TRUE
10:111912030:G:A	0.00485193	0.00292809	0.0975451	0.0836632	TRUE
8:132249335:T:G	0.00330411	0.00168695	0.0501847	0.375612	FALSE
19:12476208:A:G	-0.00103608	0.0019129	0.588087	0.251062	FALSE
9:15277133:A:T	0.00206346	0.00347737	0.552929	0.0621975	TRUE
9:16675252:AT:A	0.000685884	0.00257533	0.789992	0.117128	FALSE
4:12821756:CA:C	0.00624815	0.00428405	0.144743	0.037167	TRUE
4:169437023:AAAC:A	0.000435933	0.00175035	0.803324	0.324779	FALSE
8:69003009:GT:G	0.00260329	0.00165747	0.116299	0.399971	FALSE
9:39020274:C:T	-0.00143152	0.00216724	0.508931	0.181218	FALSE
9:18641986:C:T	-0.0164961	0.0277284	0.551912	0.000990783	TRUE
6:152506825:G:T	-0.000803458	0.00163526	0.623201	0.467506	FALSE
17:59988503:G:A	-0.00372879	0.00825668	0.651561	0.0108681	TRUE
18:40307840:C:T	0.000248368	0.0133456	0.985152	0.00362805	TRUE
17:10711059:C:G	-0.00407522	0.00164337	0.0131622	0.39429	FALSE
10:121011957:G:A	6.6182e-05	0.00505952	0.989564	0.0264511	TRUE
5:32476336:C:T	-0.000868223	0.00179341	0.628312	0.287449	FALSE
15:52175507:T:TG	-0.00540065	0.0316175	0.864375	0.0008275	TRUE
2:48879624:AG:A	-0.0150388	0.0126716	0.235329	0.00448742	TRUE
13:23766378:T:C	-0.000445515	0.00204847	0.827834	0.197689	FALSE
21:19976394:G:A	-0.00308386	0.00163625	0.0594979	0.428878	FALSE
18:75598630:A:T	-0.00273963	0.00275121	0.319376	0.10061	FALSE
7:54738418:G:A	0.00312451	0.00295712	0.290718	0.0823708	TRUE
X:100891736:G:A	0.00246731	0.0124409	0.842797	0.00306854	TRUE
6:121945001:G:A	-0.0152588	0.0184691	0.408722	0.00235247	TRUE
18:5073786:G:A	0.0124639	0.00760136	0.1011	0.0120487	TRUE
8:68867203:C:A	0.00826705	0.0101713	0.416363	0.0071805	TRUE
13:109272607:T:A	0.0153314	0.0115123	0.182975	0.0057737	TRUE
21:37671989:C:T	0.00369277	0.011045	0.73813	0.00631124	TRUE
4:156877172:T:C	0.000897925	0.00218946	0.681732	0.162399	FALSE
12:125189019:G:T	-0.00434493	0.00399248	0.2765	0.0458474	TRUE
15:90058626:G:A	-0.00270611	0.00309181	0.381458	0.0813827	TRUE
3:152039254:G:A	0.00299168	0.00162642	0.0658832	0.45254	FALSE
6:32794856:C:T	-0.00213866	0.00757867	0.7778	0.0137864	TRUE
3:72223370:C:T	0.0197518	0.00690714	0.0042503	0.0139295	TRUE
15:25557191:C:T	0.00080553	0.00942881	0.931919	0.00846916	TRUE
6:134833127:A:C	-0.00606774	0.00702617	0.387834	0.0135626	TRUE
8:1723749:A:G	0.00061427	0.00178305	0.730474	0.286736	FALSE
8:82739551:A:AT	0.00438735	0.00683813	0.521148	0.0159418	TRUE
3:99551704:TG:T	-0.00165685	0.00172233	0.336083	0.329379	FALSE
10:93620064:CAGTT:C	-0.00865044	0.0199064	0.663894	0.00184302	TRUE
9:90236867:C:A	-0.00475712	0.00628176	0.448894	0.0168568	TRUE
11:104435892:G:A	-0.00336478	0.00345224	0.32975	0.0574108	TRUE
5:127486521:G:A	-0.013606	0.0132058	0.302892	0.00423527	TRUE
3:101926459:A:G	-0.00338749	0.00667021	0.611568	0.0150062	TRUE
18:12932945:G:A	0.000865532	0.00174055	0.619006	0.314472	FALSE
4:42205264:G:T	0.00180662	0.00197587	0.360558	0.210104	FALSE
5:54952802:C:T	-0.00500073	0.0061292	0.414584	0.0175703	TRUE
1:17794325:CT:C	-0.000872264	0.0017058	0.609115	0.353628	FALSE
21:41122142:T:C	0.000710738	0.00223652	0.750653	0.154367	FALSE
11:36995455:T:C	-0.0147576	0.0235988	0.531752	0.00130686	TRUE
2:173981550:G:A	0.0123927	0.0140305	0.377113	0.00348298	TRUE
X:42031253:G:A	0.0328778	0.0134864	0.0147925	0.00271664	TRUE
6:43925327:G:A	-0.00205276	0.00163073	0.208132	0.480212	FALSE
6:434348:C:T	-0.00223651	0.00163101	0.17033	0.475112	FALSE
7:7064584:T:C	-0.00634996	0.0224279	0.777085	0.00157623	TRUE
7:46980477:G:A	0.00614201	0.00388635	0.114046	0.0478725	TRUE
15:60552791:CCT:C	0.000179311	0.00220064	0.935061	0.161958	FALSE
1:104350348:AGAAG:A	-0.00136346	0.00170941	0.425109	0.407662	FALSE
6:82099191:A:C	-0.00107505	0.00162908	0.509324	0.480545	FALSE
6:138171734:C:G	0.00551272	0.00475641	0.246481	0.0301718	TRUE
14:65688338:C:T	-0.00111009	0.00357028	0.755865	0.0548513	TRUE
5:112304858:C:G	-0.000202939	0.00211484	0.923555	0.179102	FALSE
22:31121168:C:A	0.00179305	0.00176116	0.308653	0.313381	FALSE
16:72718835:G:C	-0.00342792	0.00354333	0.333354	0.0550951	TRUE
17:48614674:T:C	-0.000735604	0.00163173	0.652135	0.433582	FALSE
8:74844681:T:C	-0.0139463	0.0144617	0.334886	0.00312475	TRUE
17:42470060:C:G	0.028599	0.0120854	0.0179805	0.00500419	TRUE
13:70303914:A:G	0.00465405	0.00537769	0.38682	0.0236519	TRUE
11:65507615:C:A	0.0182583	0.0080106	0.022672	0.011033	TRUE
9:33528036:C:G	-0.0151588	0.0178607	0.396055	0.00246093	TRUE
5:8574326:A:T	-0.00145135	0.00168341	0.388627	0.357237	FALSE
10:94283404:G:A	-0.00192363	0.00503883	0.702647	0.0261958	TRUE
17:30305612:G:T	0.00286961	0.00409361	0.483321	0.0449631	TRUE
5:74674014:G:A	-0.000797124	0.00334661	0.81174	0.0625719	TRUE
6:169393905:T:C	-0.014607	0.0191088	0.44464	0.00207835	TRUE
5:161501261:T:C	0.00550253	0.00535599	0.304276	0.0237689	TRUE
2:33792113:T:G	-0.00494267	0.00316724	0.118659	0.0716752	TRUE
14:47666851:C:T	-0.000647655	0.00202416	0.749004	0.199128	FALSE
20:39210432:C:T	-0.00251932	0.00173211	0.145844	0.319618	FALSE
12:119265863:T:C	-0.000111876	0.00306196	0.970854	0.0771261	TRUE
6:101509298:G:C	-0.0137925	0.0120125	0.25092	0.00458757	TRUE
5:11296639:T:C	-0.000206277	0.00399982	0.958871	0.0447936	TRUE
5:172525069:G:T	0.00171463	0.00310579	0.580908	0.074418	TRUE
9:92907340:C:A	-0.000529127	0.00166527	0.750686	0.381642	FALSE
1:56708111:G:A	0.0373629	0.0137879	0.00674333	0.00385645	TRUE
8:111241696:C:T	-0.00256686	0.0036734	0.484713	0.0514283	TRUE
9:94371350:C:T	0.00211326	0.00165454	0.201544	0.400764	FALSE
19:44028833:G:A	-0.00664636	0.00543958	0.221793	0.0223738	TRUE
22:43849720:C:T	0.0025005	0.00170009	0.141376	0.361952	FALSE
1:181043251:C:T	-0.00284794	0.00191334	0.136659	0.238545	FALSE
6:30390844:A:T	0.000761998	0.00208816	0.715183	0.183632	FALSE
4:97195784:G:A	-0.0112885	0.0174059	0.516645	0.002188	TRUE
1:233174396:G:A	-0.00130654	0.00208285	0.530488	0.186547	FALSE
17:32051854:T:TAC	0.00666988	0.0026532	0.0119563	0.106949	FALSE
6:155109132:A:G	-0.0142073	0.0190743	0.456385	0.00194139	TRUE
10:113647358:T:A	-0.00563898	0.015351	0.713377	0.0031485	TRUE
5:75093792:C:A	0.00225177	0.00165999	0.174972	0.372013	FALSE
7:152370557:A:C	-0.0151487	0.0207072	0.464451	0.00185312	TRUE
5:57268525:C:T	0.00251833	0.00436859	0.564315	0.0361656	TRUE
5:144007515:T:G	0.00091323	0.00347743	0.792852	0.0597035	TRUE
7:38920311:T:C	-0.00323355	0.0116041	0.780515	0.00510829	TRUE
11:5392124:T:G	-0.00267168	0.00644257	0.678377	0.0167123	TRUE
14:28931914:C:CTTGT	-8.94892e-05	0.00209285	0.965894	0.196418	FALSE
1:175744775:A:C	0.0095222	0.00520032	0.0671186	0.026002	TRUE
X:84599004:G:A	-0.0015099	0.00260016	0.561459	0.0780225	TRUE
18:61651482:T:C	0.00197791	0.00220627	0.370011	0.159836	FALSE
5:153471737:A:G	-0.00176642	0.00163498	0.279993	0.450701	FALSE
4:138422711:G:T	-0.00644778	0.00315633	0.041098	0.0720756	TRUE
5:14878470:C:T	-0.000546657	0.00299473	0.855163	0.0803203	TRUE
16:7210680:G:A	0.00546453	0.00264019	0.0385017	0.1072	FALSE
14:28194829:C:T	0.00326433	0.00399678	0.414097	0.044572	TRUE
11:37683578:A:T	-0.00370406	0.00385584	0.336759	0.0461696	TRUE
2:13215052:C:A	0.00905932	0.00637878	0.155573	0.0167048	TRUE
10:78420844:C:T	-0.0060625	0.00589345	0.303653	0.024066	TRUE
8:88149529:A:G	-0.0149846	0.0232337	0.518975	0.00124847	TRUE
10:105679341:C:T	-0.00183983	0.00221999	0.407262	0.157002	FALSE
5:35200590:C:T	0.00115198	0.00246228	0.6399	0.123156	FALSE
8:106110270:C:T	0.0514688	0.0146041	0.000426553	0.00318214	TRUE
16:55749981:A:G	-0.00234067	0.0127873	0.854765	0.00448208	TRUE
1:146820658:C:T	-0.00227215	0.00170293	0.18215	0.333004	FALSE
2:122878582:G:A	0.000227464	0.00183788	0.901505	0.269898	FALSE
21:35187586:GGAA:G	0.000990485	0.0031074	0.749922	0.072308	TRUE
9:106091822:T:C	-0.00335014	0.00675114	0.619741	0.0160801	TRUE
22:19081133:AT:A	-0.0132509	0.00808416	0.101219	0.010159	TRUE
15:99518521:A:G	0.00298071	0.00327612	0.362934	0.0658536	TRUE
22:39073879:G:A	-0.0130166	0.0136874	0.341632	0.00386734	TRUE
5:110844197:A:T	0.00417884	0.00877944	0.6341	0.00901086	TRUE
4:24868467:G:A	-0.00462879	0.00286537	0.10625	0.0872309	TRUE
11:95387562:G:A	0.000113506	0.00501813	0.981955	0.0268816	TRUE
4:150986185:A:G	-0.000627053	0.00193512	0.745916	0.223092	FALSE
5:151880909:TA:T	-0.0032187	0.00194358	0.0977402	0.229372	FALSE
9:9513570:C:A	0.0015299	0.0016512	0.35419	0.412884	FALSE
7:124111454:G:A	-0.00122749	0.0019641	0.532012	0.215989	FALSE
4:130083803:A:G	-0.0157364	0.0196299	0.422773	0.00202808	TRUE
1:102776289:C:T	0.0135963	0.00883591	0.123897	0.00834209	TRUE
10:14774103:T:C	0.000609631	0.00183009	0.739055	0.271983	FALSE
6:138143953:G:A	0.000732194	0.00527537	0.889615	0.024581	TRUE
14:22163590:C:T	-0.00103794	0.0018928	0.583455	0.237559	FALSE
21:21338126:G:A	-0.00241926	0.00164646	0.141764	0.435047	FALSE
5:118576674:C:G	-0.0149147	0.0247847	0.547341	0.00112022	TRUE
22:34940009:A:G	-0.0140028	0.0111662	0.209858	0.00575014	TRUE
2:7830137:C:G	-0.0140133	0.0120322	0.24419	0.00481319	TRUE
4:86726825:C:T	-0.000966134	0.00239519	0.686689	0.131301	FALSE
10:22364559:T:G	0.0043485	0.00189832	0.0220012	0.239928	FALSE
1:236293350:C:T	-9.955e-06	0.00163961	0.995156	0.462501	FALSE
11:130508854:G:C	0.00371227	0.00178877	0.0379824	0.301691	FALSE
13:53657043:G:A	-0.00258077	0.00437128	0.554941	0.0372337	TRUE
2:232036567:G:A	-0.00452313	0.00313149	0.148658	0.0723119	TRUE
2:19323316:G:A	-0.00242377	0.00688858	0.724955	0.0139909	TRUE
7:12195347:T:G	0.0017538	0.00274398	0.522743	0.0964943	FALSE
5:146062243:A:C	0.00589624	0.00251602	0.0191247	0.122067	FALSE
4:190021075:A:C	-0.00420369	0.00217157	0.0529228	0.171627	FALSE
13:114015015:A:G	0.000510035	0.00162122	0.753072	0.47271	FALSE
4:86571463:G:A	0.00921575	0.00771252	0.232152	0.0117605	TRUE
9:6561653:G:GA	0.00122554	0.00167703	0.464931	0.37729	FALSE
8:74062725:C:T	-0.0142226	0.00906488	0.116684	0.00948389	TRUE
7:26150279:G:A	0.000257259	0.0020359	0.899449	0.207333	FALSE
2:180752772:T:C	-0.00171153	0.00253134	0.498971	0.116297	FALSE
14:86896208:G:T	0.000952002	0.00161228	0.55489	0.489369	FALSE
2:84076896:G:A	-0.00229314	0.00335348	0.494112	0.0621011	TRUE
20:47120620:T:C	-0.00464168	0.0033463	0.16544	0.0637446	TRUE
6:64974576:G:A	0.00675343	0.0105191	0.520878	0.00634924	TRUE
4:182627985:C:T	0.0189864	0.0111561	0.0888086	0.00555222	TRUE
6:6382575:G:A	0.00136718	0.00832427	0.869545	0.0104408	TRUE
17:5660987:G:A	0.0061206	0.0155623	0.694109	0.00290426	TRUE
12:49512017:C:T	-0.00155562	0.00169168	0.357821	0.339154	FALSE
22:21433311:A:C	0.00196815	0.00177688	0.268042	0.29904	FALSE
6:83957742:C:G	0.00057798	0.00173981	0.739739	0.316485	FALSE
1:18005341:C:T	-0.0161192	0.0120607	0.181415	0.00535787	TRUE
15:93173483:T:C	-0.021544	0.0811081	0.790537	0.000106283	TRUE
1:62841902:C:A	-0.00209949	0.00170964	0.219465	0.350194	FALSE
13:51378555:G:T	-0.00302159	0.00735964	0.681402	0.0151256	TRUE
10:124266616:G:A	-4.35595e-05	0.00160922	0.978405	0.4793	FALSE
4:122183023:T:A	-0.00129477	0.0124939	0.917464	0.00464872	TRUE
3:5805681:G:A	-0.0143482	0.0148064	0.332542	0.00353305	TRUE
3:172202410:T:C	0.00305683	0.00162411	0.0598435	0.481572	FALSE
6:29434222:G:A	-0.0124242	0.0153641	0.418735	0.00280709	TRUE
11:37665870:AT:A	-0.00279416	0.0038151	0.463945	0.0483217	TRUE
11:47363535:C:T	-3.08985	20.5489	0.880479	3.95838e-07	TRUE
1:156510806:C:T	1.96938e-05	0.0040651	0.996135	0.0432976	TRUE
2:115473068:A:G	-0.0117942	0.0101877	0.247018	0.00643296	TRUE
11:89842187:G:A	0.000627575	0.00424143	0.882375	0.0385788	TRUE
3:79626136:C:G	0.00995745	0.00898886	0.267995	0.00871616	TRUE
11:88709519:G:A	0.0024334	0.0110029	0.824973	0.00576677	TRUE
2:17061388:A:G	0.0130824	0.0146597	0.372197	0.00363795	TRUE
11:125691389:C:G	0.0101253	0.00495304	0.040954	0.028453	TRUE
7:24368803:C:T	0.00731199	0.0130076	0.57404	0.00446387	TRUE
5:45808154:A:G	0.00221233	0.00457809	0.628933	0.032567	TRUE
10:61510060:C:T	0.00334898	0.00885436	0.705269	0.00883926	TRUE
12:120944471:A:AT	0.00261497	0.00172206	0.128917	0.334337	FALSE
6:151495901:C:T	-0.00021539	0.0019798	0.913368	0.214286	FALSE
14:40395665:A:G	-0.00200069	0.00203574	0.325737	0.198638	FALSE
18:63835059:G:A	0.000322506	0.00171053	0.850456	0.336971	FALSE
9:133579133:G:A	-0.115299	0.531844	0.828376	2.05836e-05	TRUE
20:52510915:A:AT	-0.00139856	0.00250925	0.577294	0.127238	FALSE
3:108969821:A:G	-0.00180938	0.00236899	0.445019	0.137076	FALSE
12:25723175:G:A	0.00515224	0.00771139	0.504064	0.0114562	TRUE
7:81054352:T:G	0.0107941	0.0119224	0.365295	0.00549265	TRUE
5:24850899:TCCAACTTCCCCATG:T	0.000592689	0.00406493	0.884078	0.0411129	TRUE
4:121595609:G:A	0.00112196	0.00190983	0.556902	0.241224	FALSE
18:5385424:T:C	-0.000545985	0.00221143	0.804997	0.163293	FALSE
20:11781165:A:C	0.00221633	0.00308615	0.47268	0.0750218	TRUE
2:69616802:A:G	0.0154212	0.00961891	0.108918	0.00749935	TRUE
11:131891216:T:A	0.00201506	0.00174675	0.248691	0.325793	FALSE
9:97582756:T:C	-0.00274435	0.00248268	0.269013	0.120473	FALSE
12:73856569:A:G	-0.000530791	0.00164469	0.746907	0.405599	FALSE
5:153764277:C:T	-0.00227452	0.00344678	0.509336	0.0586887	TRUE
16:86033261:T:G	-0.00157985	0.00164375	0.336513	0.412636	FALSE
11:55782335:T:G	-0.00189737	0.0029331	0.517723	0.0840174	TRUE
19:24033331:TG:T	0.000782534	0.00875596	0.928788	0.00898889	TRUE
12:19203868:G:A	0.000951347	0.00428756	0.824408	0.036824	TRUE
3:9965745:C:T	-0.00144847	0.00319574	0.650379	0.0724148	TRUE
2:134520179:G:A	-0.0110733	0.00544512	0.0420173	0.0229159	TRUE
3:21399908:A:G	0.0175505	0.0127247	0.167848	0.00450682	TRUE
2:170941748:G:C	-0.00110691	0.00199623	0.57925	0.20536	FALSE
13:89041295:G:A	-0.000530178	0.00699887	0.939618	0.0138858	TRUE
3:140905084:T:G	-0.00659202	0.00868831	0.448036	0.00883214	TRUE
2:172182386:C:G	-0.0129115	0.0332774	0.698027	0.000652341	TRUE
7:38042825:G:A	0.00490828	0.00222824	0.0276342	0.154717	FALSE
X:23735011:G:A	-7.44486e-05	0.00138475	0.957125	0.432105	FALSE
17:71807599:C:T	0.0090183	0.00606226	0.136885	0.0182165	TRUE
1:59465926:A:C	-0.00085545	0.00165857	0.606023	0.397385	FALSE
6:7146825:A:G	-0.00588291	0.00349833	0.0926716	0.0573858	TRUE
7:18414850:T:C	-0.0129915	0.0159856	0.41641	0.00285835	TRUE
5:120430004:T:C	-0.0119817	0.0144742	0.407805	0.00346675	TRUE
14:102231130:C:T	-0.00305331	0.00318749	0.338136	0.0690926	TRUE
X:111653319:G:C	-0.00560971	0.00856811	0.512663	0.00748985	TRUE
6:133900579:G:A	-0.00476786	0.0107882	0.658533	0.00622535	TRUE
1:230289071:G:A	0.030829	0.0254422	0.225646	0.00121503	TRUE
17:55810495:C:G	0.0220196	0.0068328	0.00127431	0.0143772	TRUE
1:158442747:C:T	-0.000526374	0.0016678	0.752305	0.387091	FALSE
